OrderID,OrderDate,CustomerName,Email,Phone,City,Product,Category,Quantity,UnitPrice,Discount,EmployeeID,Status,Remarks,Region
1001,3/17/2025,Rahul Sharma,rahul@gmail.com,9876543210,Pune,Laptop,Electronics,2,55000,,101,Completed,,West
1002,4/11/2025, Priya Patel ,priya@gmail.com,9876543211,Mumbai,Mobile,Electronics,1,25000,,102,completed,Urgent,West
1003,10/3/2025,AMIT JAIN,,9876543212,Bengaluru,Tablet,Electronics,3,18000,5%,103,Pending,,South
1004,4/19/2025,Sneha Roy,sneha@gmail.com,,Delhi,Monitor,Electronics,1,15000,,104,PENDING,Followup,North
1005,10/2/2025,vikas kumar,vikas@gmail.com,9876543214,Hydrabad,Printer,Electronics,2,12000,,105,Completed,,South
1006,3/10/2025,Neha Singh,neha@gmail.com,9876543215,Hyderabad,Laptop,Electronics,,55000,,106,Completed,,South
1007,12/1/2025,Rahul Sharma,rahul@gmail.com,9876543210,Pune,Laptop,Electronics,2,55000,,101,Completed,,West
1008,3/7/2025,Rohit Verma,rohit@gmail.com,9876543216,Mumbai,Mobile,Electronics,1,25000,,107,Cancelled,,West
1009,1/24/2025,Anita Shah,,9876543217,Banglore,Keyboard,Accessories,5,1200,,108,completed,,South
1010,8/20/2025,Karan Mehta,karan@gmail.com,9876543218,Pune,Mouse,Accessories,10,800,,109,Completed,,West
1011,4/17/2025,Richa Das,richa@gmail.com,9876543219,Delhi,Laptop,Electronics,1,55000,,110,Pending,,North
1012,6/16/2025,Arjun Nair,arjun@gmail.com,9876543220,Chennai,Printer,Electronics,1,12000,,111,Completed,,South
1013,4/6/2025,Anjali Rao,,9876543221,Chennai,Monitor,Electronics,2,15000,,112,PENDING,,South
1014,5/23/2025,Sanjay Gupta,sanjay@gmail.com,9876543222,Mumbai,Tablet,Electronics,4,18000,,113,completed,,West
1015,6/28/2025,Kavita Joshi,kavita@gmail.com,9876543223,Pune,Laptop,Electronics,1,55000,,114,Completed,,West
1016,4/29/2025, Naveen Kumar ,,9876543224,Pune,Keyboard,Accessories,3,1200,5%,115,Completed,,West
1017,9/30/2025,Sonia Kapoor,sonia@gmail.com,,Mumbai,Mouse,Accessories,7,800,,116,Pending,,West
1018,4/15/2025,Ritesh Patil,ritesh@gmail.com,9876543226,Pune,Mobile,Electronics,2,25000,,117,Completed,,West
1019,6/27/2025,AMIT JAIN,,9876543212,Bengaluru,Tablet,Electronics,3,18000,5%,103,Pending,,South
1020,8/3/2025,Priya Patel,priya@gmail.com,9876543211,Mumbai,Mobile,Electronics,1,25000,,102,completed,Urgent,West
1021,6/10/2025,,customer21@gmail.com,9876543230,Delhi,Laptop,Electronics,2,55000,,118,Completed,,North
1022,5/25/2025,Deepak Rao,deepak@gmail.com,9876543231,Mumbai,Printer,Electronics,1,,,119,Completed,,West
1023,8/24/2025,Ritu Sharma,ritu@gmail.com,9876543232,Pune,Monitor,Electronics,1,15000,,120,Pending,,West
1024,8/10/2025,Vikas Kumar,vikas@gmail.com,9876543214,Hyderabad,Laptop,Electronics,2,55000,,105,Completed,,South
1025,1/3/2025,Rahul Sharma,rahul@gmail.com,9876543210,Pune,Laptop,Electronics,2,55000,,101,Completed,,West
