Order_ID,Order_Date,Age_Group,City,Product,Quantity,Sales,Cost,Profit,Payment_Mode,Order_Type,Profit_Margin_%,Month
ORD0247,2026-01-01,45+,Pune,Coffee,1,81,40,41,Card,Dine-in,50.6,Jan-2026
ORD0049,2026-01-01,18-24,Pune,Coffee,1,90,40,50,UPI,Delivery,55.6,Jan-2026
ORD0171,2026-01-01,25-34,Pune,Coffee,1,90,40,50,UPI,Dine-in,55.6,Jan-2026
ORD0018,2026-01-01,25-34,Pune,Pasta,1,220,180,40,UPI,Dine-in,18.2,Jan-2026
ORD0230,2026-01-02,18-24,Mumbai,Pizza,1,330,250,80,Card,Dine-in,24.2,Jan-2026
ORD0006,2026-01-02,35-44,Mumbai,Pizza,1,300,250,50,Card,Delivery,16.7,Jan-2026
ORD0022,2026-01-02,25-34,Nashik,Pizza,1,300,250,50,UPI,Delivery,16.7,Jan-2026
ORD0088,2026-01-03,25-34,Mumbai,Burger,1,162,115,47,UPI,Delivery,29.0,Jan-2026
ORD0002,2026-01-03,25-34,Mumbai,Pizza,1,300,250,50,Cash,Dine-in,16.7,Jan-2026
ORD0144,2026-01-03,45+,Pune,Pizza,1,300,250,50,UPI,Dine-in,16.7,Jan-2026
ORD0094,2026-01-03,45+,Mumbai,Burger,2,360,230,130,Cash,Delivery,36.1,Jan-2026
ORD0098,2026-01-03,25-34,Pune,Pasta,1,220,180,40,UPI,Dine-in,18.2,Jan-2026
ORD0153,2026-01-03,18-24,Pune,Pizza,1,270,250,20,Cash,Delivery,7.4,Jan-2026
ORD0240,2026-01-04,45+,Nashik,Coffee,1,90,40,50,Card,Dine-in,55.6,Jan-2026
ORD0213,2026-01-04,25-34,Pune,Coffee,1,81,40,41,Card,Dine-in,50.6,Jan-2026
ORD0077,2026-01-05,35-44,Pune,Pasta,1,220,180,40,UPI,Dine-in,18.2,Jan-2026
ORD0074,2026-01-05,18-24,Mumbai,Pasta,2,484,360,124,Card,Delivery,25.6,Jan-2026
ORD0161,2026-01-05,25-34,Pune,Coffee,1,81,40,41,Cash,Dine-in,50.6,Jan-2026
ORD0042,2026-01-05,25-34,Pune,Sandwich,2,280,160,120,UPI,Dine-in,42.9,Jan-2026
ORD0231,2026-01-06,35-44,Mumbai,Pasta,2,484,360,124,Card,Dine-in,25.6,Jan-2026
ORD0081,2026-01-06,18-24,Pune,Burger,1,180,115,65,Card,Dine-in,36.1,Jan-2026
ORD0182,2026-01-07,45+,Mumbai,Coffee,2,180,80,100,Card,Dine-in,55.6,Jan-2026
ORD0012,2026-01-07,45+,Pune,Pizza,1,270,250,20,UPI,Dine-in,7.4,Jan-2026
ORD0005,2026-01-07,35-44,Pune,Sandwich,2,280,160,120,Cash,Dine-in,42.9,Jan-2026
ORD0227,2026-01-08,45+,Pune,Burger,1,162,115,47,UPI,Delivery,29.0,Jan-2026
ORD0194,2026-01-08,18-24,Pune,Burger,1,180,115,65,UPI,Dine-in,36.1,Jan-2026
ORD0069,2026-01-08,25-34,Pune,Burger,1,180,115,65,UPI,Dine-in,36.1,Jan-2026
ORD0200,2026-01-08,25-34,Nashik,Burger,1,180,115,65,UPI,Delivery,36.1,Jan-2026
ORD0234,2026-01-10,18-24,Pune,Pasta,1,198,180,18,UPI,Delivery,9.1,Jan-2026
ORD0054,2026-01-10,45+,Nashik,Pasta,1,220,180,40,Cash,Dine-in,18.2,Jan-2026
ORD0193,2026-01-10,25-34,Pune,Pizza,1,300,250,50,UPI,Delivery,16.7,Jan-2026
ORD0011,2026-01-11,45+,Mumbai,Burger,1,180,115,65,Card,Dine-in,36.1,Jan-2026
ORD0127,2026-01-12,18-24,Pune,Pasta,1,198,180,18,Card,Dine-in,9.1,Jan-2026
ORD0097,2026-01-12,25-34,Mumbai,Burger,2,360,230,130,UPI,Dine-in,36.1,Jan-2026
ORD0223,2026-01-13,25-34,Mumbai,Pizza,1,300,250,50,UPI,Delivery,16.7,Jan-2026
ORD0205,2026-01-13,35-44,Nashik,Sandwich,2,252,160,92,UPI,Dine-in,36.5,Jan-2026
ORD0043,2026-01-13,25-34,Pune,Coffee,2,198,80,118,Card,Dine-in,59.6,Jan-2026
ORD0183,2026-01-14,25-34,Mumbai,Coffee,1,90,40,50,Card,Dine-in,55.6,Jan-2026
ORD0190,2026-01-14,35-44,Pune,Sandwich,1,154,80,74,UPI,Dine-in,48.1,Jan-2026
ORD0233,2026-01-14,18-24,Pune,Burger,1,180,115,65,UPI,Dine-in,36.1,Jan-2026
ORD0014,2026-01-14,18-24,Mumbai,Coffee,1,90,40,50,UPI,Dine-in,55.6,Jan-2026
ORD0087,2026-01-14,35-44,Mumbai,Sandwich,2,280,160,120,Card,Dine-in,42.9,Jan-2026
ORD0191,2026-01-14,18-24,Mumbai,Burger,1,180,115,65,UPI,Delivery,36.1,Jan-2026
ORD0180,2026-01-15,35-44,Mumbai,Sandwich,2,280,160,120,Cash,Dine-in,42.9,Jan-2026
ORD0216,2026-01-15,25-34,Pune,Sandwich,2,280,160,120,Cash,Delivery,42.9,Jan-2026
ORD0004,2026-01-15,35-44,Mumbai,Burger,3,540,345,195,UPI,Delivery,36.1,Jan-2026
ORD0104,2026-01-15,18-24,Nashik,Pizza,2,600,500,100,UPI,Dine-in,16.7,Jan-2026
ORD0172,2026-01-15,35-44,Nashik,Coffee,1,90,40,50,UPI,Delivery,55.6,Jan-2026
ORD0056,2026-01-17,45+,Nashik,Coffee,1,90,40,50,UPI,Delivery,55.6,Jan-2026
ORD0133,2026-01-17,45+,Mumbai,Sandwich,1,140,80,60,UPI,Dine-in,42.9,Jan-2026
ORD0062,2026-01-17,18-24,Mumbai,Pizza,1,330,250,80,UPI,Delivery,24.2,Jan-2026
ORD0034,2026-01-17,25-34,Nashik,Burger,1,198,115,83,Cash,Dine-in,41.9,Jan-2026
ORD0189,2026-01-18,35-44,Pune,Pasta,1,220,180,40,Card,Dine-in,18.2,Jan-2026
ORD0057,2026-01-19,35-44,Nashik,Pizza,1,300,250,50,Card,Dine-in,16.7,Jan-2026
ORD0028,2026-01-19,35-44,Nashik,Coffee,1,81,40,41,UPI,Delivery,50.6,Jan-2026
ORD0187,2026-01-20,25-34,Nashik,Pasta,1,220,180,40,Card,Dine-in,18.2,Jan-2026
ORD0025,2026-01-20,45+,Nashik,Coffee,2,180,80,100,UPI,Dine-in,55.6,Jan-2026
ORD0196,2026-01-20,25-34,Pune,Sandwich,1,140,80,60,UPI,Dine-in,42.9,Jan-2026
ORD0064,2026-01-20,18-24,Nashik,Pizza,1,300,250,50,Card,Delivery,16.7,Jan-2026
ORD0031,2026-01-20,45+,Nashik,Pizza,1,300,250,50,Card,Dine-in,16.7,Jan-2026
ORD0113,2026-01-21,45+,Pune,Pasta,1,220,180,40,Cash,Delivery,18.2,Jan-2026
ORD0176,2026-01-21,45+,Pune,Pasta,1,220,180,40,Cash,Delivery,18.2,Jan-2026
ORD0114,2026-01-21,18-24,Pune,Sandwich,1,140,80,60,Card,Dine-in,42.9,Jan-2026
ORD0243,2026-01-21,25-34,Pune,Pizza,2,540,500,40,Card,Dine-in,7.4,Jan-2026
ORD0165,2026-01-22,45+,Mumbai,Burger,2,396,230,166,Cash,Dine-in,41.9,Jan-2026
ORD0032,2026-01-22,25-34,Nashik,Burger,1,180,115,65,UPI,Delivery,36.1,Jan-2026
ORD0117,2026-01-22,25-34,Mumbai,Pizza,1,300,250,50,UPI,Delivery,16.7,Jan-2026
ORD0084,2026-01-22,18-24,Mumbai,Pizza,1,300,250,50,UPI,Delivery,16.7,Jan-2026
ORD0048,2026-01-23,25-34,Mumbai,Pizza,1,300,250,50,UPI,Dine-in,16.7,Jan-2026
ORD0110,2026-01-23,25-34,Mumbai,Pizza,1,300,250,50,Cash,Dine-in,16.7,Jan-2026
ORD0199,2026-01-23,18-24,Pune,Pizza,1,300,250,50,Cash,Delivery,16.7,Jan-2026
ORD0055,2026-01-24,45+,Nashik,Pizza,2,540,500,40,UPI,Delivery,7.4,Jan-2026
ORD0065,2026-01-25,25-34,Pune,Pizza,1,270,250,20,Card,Delivery,7.4,Jan-2026
ORD0115,2026-01-25,25-34,Pune,Pizza,1,270,250,20,UPI,Delivery,7.4,Jan-2026
ORD0220,2026-01-25,35-44,Mumbai,Coffee,1,99,40,59,Card,Dine-in,59.6,Jan-2026
ORD0090,2026-01-25,45+,Pune,Burger,1,162,115,47,UPI,Delivery,29.0,Jan-2026
ORD0130,2026-01-26,18-24,Mumbai,Coffee,1,90,40,50,Card,Delivery,55.6,Jan-2026
ORD0096,2026-01-26,45+,Pune,Coffee,1,90,40,50,Cash,Delivery,55.6,Jan-2026
ORD0141,2026-01-26,25-34,Mumbai,Pizza,3,900,750,150,Cash,Dine-in,16.7,Jan-2026
ORD0163,2026-01-27,18-24,Pune,Burger,1,198,115,83,UPI,Dine-in,41.9,Jan-2026
ORD0212,2026-01-27,45+,Mumbai,Sandwich,1,154,80,74,UPI,Delivery,48.1,Jan-2026
ORD0106,2026-01-27,25-34,Mumbai,Coffee,1,81,40,41,Card,Delivery,50.6,Jan-2026
ORD0083,2026-01-27,25-34,Mumbai,Pizza,2,600,500,100,UPI,Delivery,16.7,Jan-2026
ORD0085,2026-01-27,18-24,Pune,Burger,1,180,115,65,Card,Dine-in,36.1,Jan-2026
ORD0132,2026-01-27,25-34,Mumbai,Burger,1,198,115,83,UPI,Delivery,41.9,Jan-2026
ORD0033,2026-01-28,18-24,Pune,Sandwich,1,140,80,60,Card,Dine-in,42.9,Jan-2026
ORD0017,2026-01-28,45+,Nashik,Coffee,2,180,80,100,UPI,Delivery,55.6,Jan-2026
ORD0147,2026-01-29,18-24,Pune,Burger,1,162,115,47,UPI,Dine-in,29.0,Jan-2026
ORD0169,2026-01-29,45+,Nashik,Pasta,1,220,180,40,Card,Dine-in,18.2,Jan-2026
ORD0126,2026-01-29,25-34,Nashik,Burger,2,360,230,130,Card,Dine-in,36.1,Jan-2026
ORD0121,2026-01-29,35-44,Pune,Burger,1,180,115,65,UPI,Delivery,36.1,Jan-2026
ORD0148,2026-01-30,35-44,Mumbai,Pizza,1,300,250,50,Card,Dine-in,16.7,Jan-2026
ORD0102,2026-01-30,18-24,Nashik,Coffee,1,81,40,41,Card,Dine-in,50.6,Jan-2026
ORD0204,2026-01-31,45+,Mumbai,Coffee,1,81,40,41,Card,Delivery,50.6,Jan-2026
ORD0112,2026-01-31,25-34,Pune,Coffee,1,90,40,50,UPI,Delivery,55.6,Jan-2026
ORD0016,2026-02-01,35-44,Pune,Coffee,1,90,40,50,Cash,Delivery,55.6,Feb-2026
ORD0122,2026-02-01,18-24,Pune,Pizza,1,270,250,20,Card,Dine-in,7.4,Feb-2026
ORD0146,2026-02-03,35-44,Pune,Pizza,1,300,250,50,UPI,Delivery,16.7,Feb-2026
ORD0225,2026-02-04,25-34,Pune,Pizza,1,270,250,20,Card,Dine-in,7.4,Feb-2026
ORD0207,2026-02-04,25-34,Mumbai,Sandwich,1,140,80,60,UPI,Delivery,42.9,Feb-2026
ORD0192,2026-02-04,35-44,Mumbai,Pizza,1,300,250,50,Card,Dine-in,16.7,Feb-2026
ORD0052,2026-02-04,25-34,Pune,Pizza,1,300,250,50,Card,Dine-in,16.7,Feb-2026
ORD0101,2026-02-04,45+,Mumbai,Pasta,1,242,180,62,Card,Dine-in,25.6,Feb-2026
ORD0109,2026-02-05,35-44,Mumbai,Coffee,1,90,40,50,Card,Delivery,55.6,Feb-2026
ORD0222,2026-02-05,18-24,Mumbai,Pasta,2,440,360,80,UPI,Dine-in,18.2,Feb-2026
ORD0029,2026-02-05,45+,Mumbai,Pasta,3,594,540,54,UPI,Delivery,9.1,Feb-2026
ORD0219,2026-02-06,45+,Pune,Sandwich,1,140,80,60,Card,Dine-in,42.9,Feb-2026
ORD0185,2026-02-06,18-24,Pune,Burger,2,396,230,166,UPI,Dine-in,41.9,Feb-2026
ORD0023,2026-02-07,45+,Nashik,Coffee,1,90,40,50,UPI,Delivery,55.6,Feb-2026
ORD0232,2026-02-07,35-44,Mumbai,Sandwich,1,126,80,46,UPI,Delivery,36.5,Feb-2026
ORD0063,2026-02-08,25-34,Pune,Sandwich,1,140,80,60,UPI,Dine-in,42.9,Feb-2026
ORD0143,2026-02-08,35-44,Nashik,Coffee,2,180,80,100,UPI,Dine-in,55.6,Feb-2026
ORD0162,2026-02-08,45+,Mumbai,Pasta,1,220,180,40,Card,Dine-in,18.2,Feb-2026
ORD0159,2026-02-09,18-24,Mumbai,Pasta,1,220,180,40,UPI,Delivery,18.2,Feb-2026
ORD0010,2026-02-10,18-24,Pune,Pasta,1,220,180,40,Cash,Delivery,18.2,Feb-2026
ORD0131,2026-02-10,18-24,Pune,Sandwich,2,280,160,120,UPI,Delivery,42.9,Feb-2026
ORD0177,2026-02-10,25-34,Mumbai,Coffee,2,180,80,100,UPI,Dine-in,55.6,Feb-2026
ORD0210,2026-02-12,35-44,Pune,Coffee,2,180,80,100,Cash,Dine-in,55.6,Feb-2026
ORD0008,2026-02-13,25-34,Nashik,Burger,2,396,230,166,Card,Dine-in,41.9,Feb-2026
ORD0138,2026-02-13,25-34,Mumbai,Sandwich,1,154,80,74,UPI,Dine-in,48.1,Feb-2026
ORD0184,2026-02-14,35-44,Pune,Sandwich,1,140,80,60,UPI,Dine-in,42.9,Feb-2026
ORD0215,2026-02-14,35-44,Pune,Pasta,1,220,180,40,Card,Dine-in,18.2,Feb-2026
ORD0202,2026-02-15,18-24,Pune,Burger,3,594,345,249,Card,Dine-in,41.9,Feb-2026
ORD0174,2026-02-15,25-34,Pune,Pasta,1,220,180,40,UPI,Delivery,18.2,Feb-2026
ORD0151,2026-02-15,25-34,Mumbai,Pizza,2,600,500,100,UPI,Delivery,16.7,Feb-2026
ORD0035,2026-02-15,35-44,Nashik,Burger,2,396,230,166,UPI,Dine-in,41.9,Feb-2026
ORD0173,2026-02-15,35-44,Mumbai,Coffee,2,180,80,100,UPI,Dine-in,55.6,Feb-2026
ORD0037,2026-02-16,25-34,Pune,Burger,1,198,115,83,UPI,Dine-in,41.9,Feb-2026
ORD0226,2026-02-16,45+,Pune,Pasta,1,220,180,40,UPI,Delivery,18.2,Feb-2026
ORD0120,2026-02-16,25-34,Pune,Sandwich,1,140,80,60,UPI,Dine-in,42.9,Feb-2026
ORD0045,2026-02-17,18-24,Pune,Pasta,1,220,180,40,Cash,Delivery,18.2,Feb-2026
ORD0209,2026-02-17,45+,Pune,Burger,1,180,115,65,UPI,Dine-in,36.1,Feb-2026
ORD0160,2026-02-17,35-44,Pune,Pizza,1,270,250,20,Cash,Dine-in,7.4,Feb-2026
ORD0038,2026-02-17,25-34,Nashik,Pasta,1,220,180,40,Card,Delivery,18.2,Feb-2026
ORD0067,2026-02-18,35-44,Nashik,Burger,1,180,115,65,Card,Dine-in,36.1,Feb-2026
ORD0100,2026-02-18,45+,Nashik,Sandwich,2,252,160,92,UPI,Delivery,36.5,Feb-2026
ORD0061,2026-02-19,25-34,Pune,Coffee,1,81,40,41,UPI,Delivery,50.6,Feb-2026
ORD0241,2026-02-19,45+,Pune,Coffee,1,90,40,50,Card,Dine-in,55.6,Feb-2026
ORD0007,2026-02-19,25-34,Pune,Burger,1,180,115,65,UPI,Dine-in,36.1,Feb-2026
ORD0250,2026-02-20,45+,Pune,Burger,2,360,230,130,UPI,Dine-in,36.1,Feb-2026
ORD0079,2026-02-20,45+,Mumbai,Sandwich,1,154,80,74,UPI,Delivery,48.1,Feb-2026
ORD0116,2026-02-20,18-24,Pune,Sandwich,1,140,80,60,UPI,Delivery,42.9,Feb-2026
ORD0105,2026-02-20,35-44,Mumbai,Pasta,1,220,180,40,UPI,Dine-in,18.2,Feb-2026
ORD0211,2026-02-20,18-24,Pune,Pasta,2,440,360,80,UPI,Dine-in,18.2,Feb-2026
ORD0246,2026-02-21,25-34,Mumbai,Sandwich,1,126,80,46,Cash,Delivery,36.5,Feb-2026
ORD0015,2026-02-21,45+,Nashik,Burger,2,360,230,130,UPI,Dine-in,36.1,Feb-2026
ORD0020,2026-02-21,18-24,Pune,Burger,1,180,115,65,UPI,Delivery,36.1,Feb-2026
ORD0235,2026-02-21,18-24,Nashik,Burger,2,360,230,130,Card,Dine-in,36.1,Feb-2026
ORD0167,2026-02-21,35-44,Pune,Pasta,2,396,360,36,Card,Dine-in,9.1,Feb-2026
ORD0108,2026-02-21,18-24,Mumbai,Pizza,1,300,250,50,UPI,Dine-in,16.7,Feb-2026
ORD0059,2026-02-22,35-44,Nashik,Coffee,1,90,40,50,UPI,Delivery,55.6,Feb-2026
ORD0244,2026-02-22,18-24,Pune,Pasta,1,198,180,18,UPI,Dine-in,9.1,Feb-2026
ORD0134,2026-02-22,25-34,Pune,Pasta,1,220,180,40,Card,Dine-in,18.2,Feb-2026
ORD0178,2026-02-23,45+,Pune,Sandwich,1,140,80,60,Card,Delivery,42.9,Feb-2026
ORD0135,2026-02-23,35-44,Nashik,Pasta,2,440,360,80,UPI,Dine-in,18.2,Feb-2026
ORD0218,2026-02-24,35-44,Pune,Coffee,1,90,40,50,Cash,Dine-in,55.6,Feb-2026
ORD0245,2026-02-24,25-34,Pune,Coffee,1,90,40,50,UPI,Delivery,55.6,Feb-2026
ORD0125,2026-02-24,35-44,Mumbai,Burger,1,162,115,47,Card,Delivery,29.0,Feb-2026
ORD0170,2026-02-25,18-24,Nashik,Burger,2,360,230,130,Cash,Delivery,36.1,Feb-2026
ORD0214,2026-02-25,18-24,Pune,Sandwich,2,252,160,92,Cash,Dine-in,36.5,Feb-2026
ORD0021,2026-02-25,18-24,Nashik,Coffee,1,90,40,50,UPI,Dine-in,55.6,Feb-2026
ORD0026,2026-02-26,35-44,Mumbai,Pasta,2,440,360,80,Card,Dine-in,18.2,Feb-2026
ORD0039,2026-02-26,45+,Mumbai,Pasta,1,220,180,40,Card,Delivery,18.2,Feb-2026
ORD0003,2026-02-27,45+,Pune,Pasta,1,220,180,40,UPI,Dine-in,18.2,Feb-2026
ORD0197,2026-02-28,18-24,Mumbai,Coffee,1,90,40,50,Card,Dine-in,55.6,Feb-2026
ORD0024,2026-02-28,18-24,Nashik,Coffee,1,90,40,50,UPI,Dine-in,55.6,Feb-2026
ORD0237,2026-03-01,45+,Pune,Pasta,2,396,360,36,Card,Delivery,9.1,Mar-2026
ORD0175,2026-03-01,25-34,Pune,Sandwich,1,140,80,60,Card,Dine-in,42.9,Mar-2026
ORD0027,2026-03-01,18-24,Pune,Burger,3,540,345,195,Cash,Delivery,36.1,Mar-2026
ORD0111,2026-03-01,45+,Mumbai,Burger,1,180,115,65,Card,Delivery,36.1,Mar-2026
ORD0154,2026-03-02,35-44,Mumbai,Pasta,3,660,540,120,Card,Dine-in,18.2,Mar-2026
ORD0047,2026-03-03,45+,Pune,Burger,1,162,115,47,Card,Delivery,29.0,Mar-2026
ORD0009,2026-03-03,45+,Mumbai,Sandwich,1,140,80,60,UPI,Dine-in,42.9,Mar-2026
ORD0019,2026-03-03,35-44,Pune,Burger,1,180,115,65,UPI,Dine-in,36.1,Mar-2026
ORD0119,2026-03-03,18-24,Mumbai,Sandwich,2,280,160,120,UPI,Delivery,42.9,Mar-2026
ORD0152,2026-03-04,35-44,Mumbai,Pizza,3,900,750,150,UPI,Dine-in,16.7,Mar-2026
ORD0118,2026-03-04,18-24,Pune,Burger,1,198,115,83,UPI,Dine-in,41.9,Mar-2026
ORD0092,2026-03-05,45+,Pune,Pizza,2,600,500,100,UPI,Delivery,16.7,Mar-2026
ORD0089,2026-03-05,18-24,Pune,Pizza,1,300,250,50,Card,Delivery,16.7,Mar-2026
ORD0051,2026-03-06,25-34,Pune,Pasta,1,242,180,62,UPI,Dine-in,25.6,Mar-2026
ORD0228,2026-03-06,18-24,Pune,Burger,2,324,230,94,UPI,Delivery,29.0,Mar-2026
ORD0072,2026-03-06,35-44,Pune,Burger,1,180,115,65,Card,Dine-in,36.1,Mar-2026
ORD0206,2026-03-06,35-44,Mumbai,Coffee,1,90,40,50,UPI,Dine-in,55.6,Mar-2026
ORD0166,2026-03-06,45+,Pune,Coffee,2,180,80,100,Cash,Delivery,55.6,Mar-2026
ORD0078,2026-03-07,35-44,Pune,Coffee,1,81,40,41,UPI,Dine-in,50.6,Mar-2026
ORD0188,2026-03-07,45+,Pune,Coffee,1,90,40,50,UPI,Dine-in,55.6,Mar-2026
ORD0203,2026-03-07,25-34,Pune,Coffee,1,99,40,59,Cash,Delivery,59.6,Mar-2026
ORD0040,2026-03-07,35-44,Pune,Pasta,1,220,180,40,UPI,Dine-in,18.2,Mar-2026
ORD0107,2026-03-07,35-44,Mumbai,Burger,1,162,115,47,UPI,Dine-in,29.0,Mar-2026
ORD0224,2026-03-08,18-24,Pune,Pizza,1,300,250,50,UPI,Dine-in,16.7,Mar-2026
ORD0156,2026-03-08,45+,Pune,Pizza,1,330,250,80,UPI,Delivery,24.2,Mar-2026
ORD0046,2026-03-08,45+,Pune,Sandwich,1,140,80,60,UPI,Dine-in,42.9,Mar-2026
ORD0036,2026-03-08,18-24,Pune,Burger,1,180,115,65,Card,Delivery,36.1,Mar-2026
ORD0053,2026-03-09,25-34,Mumbai,Pasta,1,220,180,40,Cash,Delivery,18.2,Mar-2026
ORD0149,2026-03-09,18-24,Pune,Sandwich,1,126,80,46,UPI,Delivery,36.5,Mar-2026
ORD0217,2026-03-09,35-44,Nashik,Sandwich,1,140,80,60,Card,Delivery,42.9,Mar-2026
ORD0158,2026-03-10,25-34,Pune,Pizza,2,660,500,160,UPI,Dine-in,24.2,Mar-2026
ORD0071,2026-03-10,25-34,Pune,Burger,3,540,345,195,Cash,Dine-in,36.1,Mar-2026
ORD0058,2026-03-10,18-24,Mumbai,Sandwich,1,140,80,60,UPI,Delivery,42.9,Mar-2026
ORD0093,2026-03-11,45+,Nashik,Burger,1,180,115,65,UPI,Delivery,36.1,Mar-2026
ORD0242,2026-03-12,25-34,Nashik,Sandwich,1,126,80,46,UPI,Dine-in,36.5,Mar-2026
ORD0076,2026-03-13,25-34,Mumbai,Coffee,1,90,40,50,Card,Dine-in,55.6,Mar-2026
ORD0123,2026-03-13,35-44,Mumbai,Burger,1,180,115,65,Cash,Dine-in,36.1,Mar-2026
ORD0001,2026-03-13,35-44,Pune,Pizza,3,900,750,150,UPI,Dine-in,16.7,Mar-2026
ORD0181,2026-03-14,45+,Pune,Pasta,1,220,180,40,Cash,Delivery,18.2,Mar-2026
ORD0137,2026-03-14,18-24,Pune,Coffee,1,90,40,50,Card,Dine-in,55.6,Mar-2026
ORD0070,2026-03-14,45+,Mumbai,Sandwich,1,140,80,60,UPI,Dine-in,42.9,Mar-2026
ORD0075,2026-03-14,35-44,Pune,Pizza,1,300,250,50,UPI,Delivery,16.7,Mar-2026
ORD0139,2026-03-15,18-24,Pune,Pasta,1,220,180,40,UPI,Delivery,18.2,Mar-2026
ORD0068,2026-03-15,45+,Pune,Coffee,2,198,80,118,UPI,Dine-in,59.6,Mar-2026
ORD0201,2026-03-15,25-34,Mumbai,Pasta,3,660,540,120,Cash,Dine-in,18.2,Mar-2026
ORD0221,2026-03-16,45+,Nashik,Sandwich,2,308,160,148,Card,Dine-in,48.1,Mar-2026
ORD0248,2026-03-16,45+,Nashik,Pasta,1,220,180,40,Card,Delivery,18.2,Mar-2026
ORD0229,2026-03-17,25-34,Pune,Pasta,1,198,180,18,UPI,Dine-in,9.1,Mar-2026
ORD0195,2026-03-17,18-24,Mumbai,Sandwich,1,140,80,60,UPI,Delivery,42.9,Mar-2026
ORD0060,2026-03-17,25-34,Mumbai,Sandwich,2,280,160,120,UPI,Dine-in,42.9,Mar-2026
ORD0179,2026-03-18,18-24,Pune,Burger,1,180,115,65,UPI,Dine-in,36.1,Mar-2026
ORD0073,2026-03-18,18-24,Pune,Pasta,2,440,360,80,UPI,Dine-in,18.2,Mar-2026
ORD0236,2026-03-20,45+,Mumbai,Sandwich,1,154,80,74,UPI,Dine-in,48.1,Mar-2026
ORD0157,2026-03-20,35-44,Mumbai,Coffee,1,90,40,50,UPI,Dine-in,55.6,Mar-2026
ORD0142,2026-03-20,18-24,Pune,Sandwich,1,140,80,60,UPI,Dine-in,42.9,Mar-2026
ORD0095,2026-03-20,18-24,Pune,Sandwich,2,252,160,92,Card,Delivery,36.5,Mar-2026
ORD0186,2026-03-20,45+,Pune,Pizza,1,300,250,50,Cash,Dine-in,16.7,Mar-2026
ORD0082,2026-03-21,25-34,Mumbai,Sandwich,1,140,80,60,UPI,Delivery,42.9,Mar-2026
ORD0066,2026-03-21,35-44,Nashik,Sandwich,1,140,80,60,UPI,Delivery,42.9,Mar-2026
ORD0080,2026-03-22,45+,Pune,Pizza,1,330,250,80,Card,Delivery,24.2,Mar-2026
ORD0086,2026-03-22,18-24,Pune,Burger,1,180,115,65,Card,Delivery,36.1,Mar-2026
ORD0129,2026-03-22,45+,Mumbai,Coffee,1,90,40,50,UPI,Dine-in,55.6,Mar-2026
ORD0030,2026-03-23,35-44,Mumbai,Pasta,1,220,180,40,UPI,Delivery,18.2,Mar-2026
ORD0164,2026-03-24,25-34,Pune,Pasta,1,198,180,18,Card,Dine-in,9.1,Mar-2026
ORD0136,2026-03-24,35-44,Nashik,Pizza,1,300,250,50,Cash,Dine-in,16.7,Mar-2026
ORD0239,2026-03-24,18-24,Pune,Coffee,3,270,120,150,UPI,Dine-in,55.6,Mar-2026
ORD0238,2026-03-24,18-24,Pune,Burger,1,180,115,65,Cash,Dine-in,36.1,Mar-2026
ORD0249,2026-03-24,45+,Mumbai,Burger,1,180,115,65,Card,Dine-in,36.1,Mar-2026
ORD0099,2026-03-25,18-24,Pune,Burger,2,360,230,130,UPI,Dine-in,36.1,Mar-2026
ORD0050,2026-03-25,25-34,Mumbai,Burger,1,180,115,65,UPI,Delivery,36.1,Mar-2026
ORD0208,2026-03-26,45+,Nashik,Coffee,1,81,40,41,Cash,Delivery,50.6,Mar-2026
ORD0128,2026-03-27,18-24,Nashik,Pizza,3,810,750,60,UPI,Delivery,7.4,Mar-2026
ORD0041,2026-03-27,25-34,Nashik,Pizza,1,300,250,50,UPI,Dine-in,16.7,Mar-2026
ORD0091,2026-03-27,45+,Mumbai,Sandwich,1,140,80,60,Card,Dine-in,42.9,Mar-2026
ORD0145,2026-03-27,25-34,Mumbai,Pasta,1,220,180,40,UPI,Delivery,18.2,Mar-2026
ORD0013,2026-03-27,18-24,Pune,Pizza,2,540,500,40,Cash,Delivery,7.4,Mar-2026
ORD0140,2026-03-28,45+,Nashik,Coffee,2,162,80,82,UPI,Dine-in,50.6,Mar-2026
ORD0168,2026-03-28,25-34,Pune,Pasta,1,220,180,40,Cash,Dine-in,18.2,Mar-2026
ORD0150,2026-03-29,35-44,Nashik,Sandwich,1,140,80,60,Card,Dine-in,42.9,Mar-2026
ORD0124,2026-03-29,45+,Nashik,Coffee,2,162,80,82,Cash,Delivery,50.6,Mar-2026
ORD0103,2026-03-30,45+,Pune,Pizza,2,600,500,100,UPI,Dine-in,16.7,Mar-2026
ORD0198,2026-03-30,18-24,Mumbai,Sandwich,2,280,160,120,UPI,Dine-in,42.9,Mar-2026
ORD0155,2026-03-30,25-34,Nashik,Pasta,1,220,180,40,UPI,Dine-in,18.2,Mar-2026
ORD0044,2026-03-31,35-44,Pune,Sandwich,1,154,80,74,Card,Dine-in,48.1,Mar-2026
